alias,approved_symbol,ncbi_gene_id,hgnc_id,ensembl_gene_id,omim_id
APC,APC,324,HGNC:583,ENSG00000134982,611731
MYH11,MYH11,4629,HGNC:7569,ENSG00000133392,160745
ACTA2,ACTA2,59,HGNC:130,ENSG00000107796,102620
TMEM43,TMEM43,79188,HGNC:28472,ENSG00000170876,612048
DSP,DSP,1832,HGNC:3052,ENSG00000096696,125647
PKP2,PKP2,5318,HGNC:9024,ENSG00000057294,602861
DSG2,DSG2,1829,HGNC:3049,ENSG00000046604,125671
DSC2,DSC2,1824,HGNC:3036,ENSG00000134755,125645
BTD,BTD,686,HGNC:1122,ENSG00000169814,609019
BRCA1,BRCA1,672,HGNC:1100,ENSG00000012048,113705
BRCA2,BRCA2,675,HGNC:1101,ENSG00000139618,600185
SCN5A,SCN5A,6331,HGNC:10593,ENSG00000183873,600163
RYR2,RYR2,6262,HGNC:10484,ENSG00000198626,180902
CASQ2,CASQ2,845,HGNC:1513,ENSG00000118729,114251
TRDN,TRDN,10345,HGNC:12261,ENSG00000186439,603283
LMNA,LMNA,4000,HGNC:6636,ENSG00000160789,150330
TNNC1,TNNC1,7134,HGNC:11943,ENSG00000114854,191040
RBM20,RBM20,282996,HGNC:27424,ENSG00000203867,613171
TTN,TTN,7273,HGNC:12403,ENSG00000155657,188840
COL3A1,COL3A1,1281,HGNC:2201,ENSG00000168542,120180
GLA,GLA,2717,HGNC:4296,ENSG00000102393,300644
LDLR,LDLR,3949,HGNC:6547,ENSG00000130164,606945
APOB,APOB,338,HGNC:603,ENSG00000084674,107730
MYH7,MYH7,4625,HGNC:7577,ENSG00000092054,160760
TNNT2,TNNT2,7139,HGNC:11949,ENSG00000118194,191045
TPM1,TPM1,7168,HGNC:12010,ENSG00000140416,191010
MYBPC3,MYBPC3,4607,HGNC:7551,ENSG00000134571,600958
PRKAG2,PRKAG2,51422,HGNC:9386,ENSG00000106617,602743
TNNI3,TNNI3,7137,HGNC:11947,ENSG00000129991,191044
MYL3,MYL3,4634,HGNC:7584,ENSG00000160808,160790
MYL2,MYL2,4633,HGNC:7583,ENSG00000111245,160781
ACTC1,ACTC1,70,HGNC:143,ENSG00000159251,102540
PALB2,PALB2,79728,HGNC:26144,ENSG00000083093,610355
HFE,HFE,3077,HGNC:4886,ENSG00000010704,613609
ENG,ENG,2022,HGNC:3349,ENSG00000106991,131195
ACVRL1,ACVRL1,94,HGNC:175,ENSG00000139567,601284
SDHD,SDHD,6392,HGNC:10683,ENSG00000204370,602690
SDHB,SDHB,6390,HGNC:10681,ENSG00000117118,185470
TTR,TTR,7276,HGNC:12405,ENSG00000118271,176300
PCSK9,PCSK9,255738,HGNC:20001,ENSG00000169174,607786
BMPR1A,BMPR1A,657,HGNC:1076,ENSG00000107779,601299
SMAD4,SMAD4,4089,HGNC:6770,ENSG00000141646,600993
TP53,TP53,7157,HGNC:11998,ENSG00000141510,191170
TGFBR1,TGFBR1,7046,HGNC:11772,ENSG00000106799,190181
TGFBR2,TGFBR2,7048,HGNC:11773,ENSG00000163513,190182
SMAD3,SMAD3,4088,HGNC:6769,ENSG00000166949,603109
KCNQ1,KCNQ1,3784,HGNC:6294,ENSG00000053918,607542
KCNH2,KCNH2,3757,HGNC:6251,ENSG00000055118,152427
CALM1,CALM1,801,HGNC:1442,ENSG00000198668,114180
CALM2,CALM2,805,HGNC:1445,ENSG00000143933,114182
CALM3,CALM3,808,HGNC:1449,ENSG00000160014,114183
MSH2,MSH2,4436,HGNC:7325,ENSG00000095002,609309
MLH1,MLH1,4292,HGNC:7127,ENSG00000076242,120436
PMS2,PMS2,5395,HGNC:9122,ENSG00000122512,600259
MSH6,MSH6,2956,HGNC:7329,ENSG00000116062,600678
RYR1,RYR1,6261,HGNC:10483,ENSG00000196218,180901
CACNA1S,CACNA1S,779,HGNC:1397,ENSG00000081248,114208
FBN1,FBN1,2200,HGNC:3603,ENSG00000166147,134797
HNF1A,HNF1A,6927,HGNC:11621,ENSG00000135100,142410
MEN1,MEN1,4221,HGNC:7010,ENSG00000133895,613733
RET,RET,5979,HGNC:9967,ENSG00000165731,164761
MUTYH,MUTYH,4595,HGNC:7527,ENSG00000132781,604933
DES,DES,1674,HGNC:2770,ENSG00000175084,125660
FLNC,FLNC,2318,HGNC:3756,ENSG00000128591,102565
BAG3,BAG3,9531,HGNC:939,ENSG00000151929,603883
NF2,NF2,4771,HGNC:7773,ENSG00000186575,607379
OTC,OTC,5009,HGNC:8512,ENSG00000036473,300461
SDHAF2,SDHAF2,54949,HGNC:26034,ENSG00000167985,613019
SDHC,SDHC,6391,HGNC:10682,ENSG00000143252,602413
STK11,STK11,6794,HGNC:11389,ENSG00000118046,602216
MAX,MAX,4149,HGNC:6913,ENSG00000125952,154950
TMEM127,TMEM127,55654,HGNC:26038,ENSG00000135956,613403
GAA,GAA,2548,HGNC:4065,ENSG00000171298,606800
PTEN,PTEN,5728,HGNC:9588,ENSG00000171862,601728
RB1,RB1,5925,HGNC:9884,ENSG00000139687,614041
RPE65,RPE65,6121,HGNC:10294,ENSG00000116745,180069
TSC1,TSC1,7248,HGNC:12362,ENSG00000165699,605284
TSC2,TSC2,7249,HGNC:12363,ENSG00000103197,191092
VHL,VHL,7428,HGNC:12687,ENSG00000134086,608537
WT1,WT1,7490,HGNC:12796,ENSG00000184937,607102
ATP7B,ATP7B,540,HGNC:870,ENSG00000123191,606882
ABCD1,ABCD1,215,HGNC:61,ENSG00000101986,300371
CYP27A1,CYP27A1,1593,HGNC:2605,ENSG00000135929,213700
PLN,PLN,5350,HGNC:9080,ENSG00000198523,172405
