approved_symbol,alias,identifier_location,paper_count,PMIDs
ACTA2,ACTA2,fig_caption,1,27935821
ACTA2,ACTA2,paragraph,24,"19468071, 22187657, 24039846, 25254113, 26934405, 27058757, 27108798, 29802153, 30242502, 31523116, 31752940, 33031641, 34012228, 34071740, 34498425, 34630793, 34917985, 35008861, 35207515, 38234087, 39669627, 40328887, 40971055, 41576029"
ACTA2,ACTA2,table,10,"21360310, 25260786, 27050376, 28123539, 29626212, 32438606, 34510716, 34873922, 35379867, 39707330"
ACTA2,ACTA2,title_3,1,40080703
ACTC1,ACTC1,paragraph,12,"27148590, 28736618, 29386878, 30897084, 36945405, 37457373, 37498360, 37652022, 37663545, 38473809, 39669627, 40565972"
ACTC1,ACTC1,table,8,"23396983, 24938736, 27841901, 28797094, 29393387, 31200636, 32986378, 33923632"
ACVRL1,ACVRL1,fig_caption,1,38457357
ACVRL1,ACVRL1,paragraph,32,"18673552, 25052553, 26176610, 26401274, 27102204, 27260700, 27630060, 27876060, 28231770, 28588815, 28626375, 29243366, 29932521, 30728427, 31400083, 32962750, 33058509, 33067535, 33834622, 34336026, 35792874, 35902510, 36292575, 36293054, 36810341, 36817313, 38294582, 40133303, 40562378, 40564170, 40628270, 41162588"
ACVRL1,ACVRL1,table,3,"21360310, 30589872, 33195419"
APC,APC,paragraph,16,"33670908, 33790997, 34178123, 34704405, 34708937, 35303016, 36551963, 36901686, 38051531, 38488796, 38776926, 39357517, 39659389, 40073867, 40100215, 40911118"
APOB,APOB,paragraph,41,"17233885, 18497853, 18611256, 20018037, 22658148, 22989709, 23365789, 23556456, 25053660, 25852563, 26374825, 26608663, 26636822, 27830735, 28985495, 29036232, 29244742, 29263812, 30294546, 30592178, 30939045, 31427613, 32049305, 32130292, 32846800, 33519890, 34297352, 35294538, 35323704, 35774363, 35912641, 36226792, 36670186, 36769678, 37108800, 37568561, 38514665, 39600113, 40088892, 40171628, 41169049"
APOB,APOB,table,6,"16646984, 18433508, 22989709, 31591263, 33006316, 39449064"
ATP7B,ATP7B,abstract,1,29914392
ATP7B,ATP7B,footnote,1,23986700
ATP7B,ATP7B,paragraph,32,"22216297, 22308153, 23774950, 26048696, 26112727, 27022412, 28392828, 28717664, 29845115, 29914392, 30884209, 31059521, 31482689, 31589614, 31835360, 32067425, 32284880, 32573981, 32770663, 34240825, 34324271, 34439909, 35029214, 35222532, 36260680, 36626371, 37759957, 38397079, 39628766, 39669627, 39933775, 41997142"
ATP7B,ATP7B,table_footnote,1,32573981
ATP7B,ATP7B,title_2,1,36883047
BAG3,BAG3,paragraph,5,"29844655, 37008788, 37652022, 38473809, 40286359"
BAG3,BAG3,table,6,"21085583, 32781626, 34722422, 34873922, 36012532, 38998110"
BMPR1A,BMPR1A,paragraph,14,"20949628, 22275001, 26436109, 28944238, 29909963, 31493347, 31908716, 31937788, 32003824, 33118316, 35608067, 36551963, 38776926, 39804645"
BMPR1A,BMPR1A,table,5,"22788692, 25260786, 29909963, 33195419, 33574476"
BMPR1A,BMPR1A,table_foot,2,"33649982, 38355628"
BRCA1,BRCA1,abstract,5,"34276234, 37958491, 39056403, 39763599, 39981113"
BRCA1,BRCA1,paragraph,89,"32843487, 33087888, 33273034, 33401422, 33403820, 33630025, 33630087, 33726785, 33743207, 33890992, 33959747, 33961040, 33987625, 34026625, 34028551, 34072659, 34202044, 34251444, 34276234, 34317694, 34350294, 34551312, 34635660, 34791067, 34828342, 34898566, 34926254, 34962562, 35023322, 35029663, 35047862, 35054852, 35128484, 35146455, 35262624, 35300142, 35332707, 35378767, 35456488, 35493704, 35512711, 35608067, 35912641, 36139699, 36203093, 36206742, 36230512, 36454573, 36601340, 36827971, 36983953, 37025588, 37090572, 37147448, 37168384, 37188824, 37378315, 37444530, 37578980, 37646013, 37958491, 38102329, 38334999, 38353949, 38397209, 38734904, 38836022, 38916888, 38952531, 39056403, 39073818, 39126233, 39438716, 39669235, 39745704, 39804645, 39854808, 39884281, 39902189, 39907309, 39981113, 40073867, 40088892, 40233741, 40399973, 40694193, 40967221, 41230741, 41931296"
BRCA1,BRCA1,table,5,"34398824, 34486251, 38254688, 39669589, 41284116"
BRCA1,BRCA1,table_foot,2,"33649982, 38355628"
BRCA2,BRCA2,abstract,6,"26564481, 30152102, 30263092, 34276234, 37958491, 39056403"
BRCA2,BRCA2,fig_caption,1,34791404
BRCA2,BRCA2,paragraph,207,"15756275, 16563180, 16622469, 17018160, 17378937, 17561994, 17603881, 17640379, 17767707, 17972177, 18489799, 18597679, 19329713, 19491894, 19619314, 19949876, 20223009, 20233466, 20233467, 20380699, 20455026, 21559243, 21603858, 21850262, 21939546, 21989022, 22160602, 22185575, 22632462, 22967011, 23170979, 23199084, 23354980, 23448497, 23451180, 23683081, 23840564, 24159334, 24281179, 24307375, 24637666, 24884479, 25382762, 25428789, 25683334, 25802882, 25927356, 26183948, 26365338, 26436109, 26465663, 26727311, 26740942, 26852130, 26913838, 26997744, 27042257, 27223485, 27242959, 27303907, 27603373, 27652277, 27694308, 27767231, 27896289, 28222693, 28339459, 28717660, 28717669, 28814288, 28982360, 28985766, 29088781, 29165356, 29368626, 29460995, 29681614, 29707112, 29736259, 29750258, 29755871, 29774201, 29868112, 29881398, 29909963, 30075112, 30410870, 30441849, 30450770, 30555256, 30584990, 30646163, 30657534, 30696104, 30724488, 30832263, 30940775, 30947698, 31013702, 31125106, 31131559, 31191615, 31341521, 31372034, 31390031, 31539077, 31569370, 31580391, 31589614, 31642931, 31650727, 31741787, 31782247, 31782267, 31867841, 31897316, 31968594, 32269964, 32453342, 32609349, 32609350, 32612807, 32633764, 32686918, 32856862, 32884827, 32886433, 32959997, 33053768, 33112397, 33118316, 33119106, 33151316, 33159495, 33273034, 33304851, 33333735, 33401422, 33403820, 33508233, 33609447, 33630025, 33726785, 33743207, 33890992, 33961040, 33987625, 34026625, 34028551, 34072659, 34250511, 34251444, 34276234, 34317694, 34350294, 34635660, 34898566, 34926254, 34962562, 35023322, 35029663, 35146455, 35262624, 35300142, 35332707, 35493704, 35512711, 35608067, 35736817, 35912641, 36139699, 36203093, 36206742, 36230512, 36262335, 36454573, 36827971, 37025588, 37147448, 37168384, 37188824, 37232349, 37958491, 38252441, 38334999, 38353949, 38916888, 39056403, 39073818, 39126233, 39438716, 39669235, 39745704, 39799398, 39804645, 39854808, 39884281, 39902189, 39907309, 40009379, 40088892, 40628270, 40694193, 40967221, 41217970, 41230741, 41931296"
BRCA2,BRCA2,table,9,"24612714, 29434467, 29909963, 30206342, 32903519, 34254584, 35204562, 35406801, 39053449"
BRCA2,BRCA2,table_foot,3,"27907908, 33649982, 38355628"
BTD,BTD,paragraph,10,"23550138, 33452876, 33595124, 35265569, 36007526, 37523181, 39669627, 40088892, 40684348, 41000626"
CACNA1S,CACNA1S,paragraph,11,"21189962, 25430699, 26247046, 30827497, 33767344, 35763354, 36753304, 36900039, 37822150, 40628270, 41175864"
CACNA1S,CACNA1S,table,3,"33567613, 36246642, 39104734"
CALM1,CALM1,paragraph,9,"24927284, 27693231, 30287853, 31482657, 32801999, 34551312, 35854365, 36269083, 39669627"
CALM1,CALM1,table,5,"26636579, 32053711, 32745639, 34576033, 34818353"
CALM2,CALM2,paragraph,4,"31482657, 33711044, 35854365, 36269083"
CALM2,CALM2,table,1,24718460
CALM3,CALM3,paragraph,3,"31482657, 35854365, 36269083"
CALM3,CALM3,table,1,40317362
CASQ2,CASQ2,paragraph,4,"31482657, 34760628, 39669627, 40088892"
CASQ2,CASQ2,table,7,"23396983, 33881176, 34722422, 38094680, 38957810, 39410589, 39496796"
COL3A1,COL3A1,fig_caption,1,37208356
COL3A1,COL3A1,paragraph,10,"34498425, 35128805, 36262204, 37461200, 38234087, 38369754, 38623759, 40118890, 40500346, 41233777"
COL3A1,COL3A1,table,4,"33543230, 36331719, 37208356, 40710358"
COL3A1,COL3A1,title_3,1,40080703
DES,DES,fig_caption,1,36163341
DES,DES,paragraph,6,"36774376, 38358893, 39669627, 40286359, 40574817, 41880120"
DES,DES,table,3,"35095530, 38610600, 38957810"
DSC2,DSC2,paragraph,9,"30985088, 31397097, 31464081, 33380778, 33784018, 34393635, 37273868, 40359643, 41000626"
DSC2,DSC2,table,4,"19934259, 35877578, 38610600, 39669589"
DSG2,DSG2,paragraph,8,"30985088, 33338875, 33784018, 39107343, 39595119, 40136534, 40359643, 40383838"
DSG2,DSG2,table,3,"34408849, 34722422, 38610600"
DSP,DSP,paragraph,16,"28069640, 30985088, 31397097, 32013205, 33784018, 35200700, 35455041, 36204818, 37143080, 37652022, 38473809, 39630431, 39669619, 40136534, 40359643, 41000626"
DSP,DSP,table,8,"23396983, 25965996, 33931637, 34722422, 37373632, 38610600, 40527520, 40709507"
ENG,ENG,paragraph,26,"18673552, 26176610, 27260700, 27876060, 28231770, 28588815, 29243366, 29932521, 30728427, 31400083, 32962750, 33058509, 33834622, 34336026, 35792874, 35902510, 36292575, 36551963, 36817313, 38294582, 38540362, 39036057, 40133303, 40562378, 40564170, 41162588"
ENG,ENG,table,3,"33195419, 35774506, 36114567"
FBN1,FBN1,abstract,1,34540975
FBN1,FBN1,fig_caption,2,"37208356, 38269088"
FBN1,FBN1,paragraph,67,"20886638, 21152435, 22479353, 23951402, 24703491, 24940034, 24940037, 25053872, 25205403, 25729264, 26040324, 26875674, 27138491, 27175573, 27307692, 27386756, 28050602, 28708846, 29039457, 29156830, 29802153, 30485715, 31245936, 31350823, 31774634, 31950671, 32155956, 32431097, 32555417, 32730690, 33256748, 33578525, 33949154, 34010604, 34071740, 34169650, 34236823, 34281165, 34498425, 34946863, 34957211, 35008861, 35128805, 35151321, 35200700, 35496767, 36118886, 36292064, 36380655, 36385762, 36855133, 36966180, 37877128, 38234087, 38776926, 38791509, 38958168, 39026936, 39669619, 40118890, 40176791, 40481143, 40628270, 40672385, 41298911, 41443197, 42442366"
FBN1,FBN1,ref,2,"34344904, 37684520"
FBN1,FBN1,table,10,"21360310, 21569303, 23259760, 27175573, 30318729, 32595417, 35877578, 36832881, 36833272, 37208356"
FBN1,FBN1,title_3,1,40080703
FLNC,FLNC,paragraph,6,"25781923, 27048506, 28031525, 36204818, 38397924, 40286359"
FLNC,FLNC,table,4,"18369433, 22590687, 25938587, 37373632"
GAA,GAA,paragraph,35,"22616199, 22676651, 23787031, 23825616, 24150945, 24245577, 24383498, 25103075, 25350581, 25943437, 26809617, 27896132, 28265479, 28629821, 29124014, 29415500, 30532252, 30564623, 31342611, 32126021, 33426149, 33554498, 33977031, 35532199, 36007526, 36517654, 37085544, 37239314, 38162137, 38524130, 39243181, 39669627, 39905333, 40088892, 40286359"
GAA,GAA,table,3,"33567613, 36114567, 39243181"
GAA,GAA,title_3,1,32316520
GLA,GLA,paragraph,15,"33766936, 34542871, 34927718, 34959703, 35236382, 35722479, 35782605, 36499585, 36833443, 36995061, 37593415, 37607539, 37761944, 37865771, 40585426"
HFE,HFE,fig_caption,1,30820268
HFE,HFE,paragraph,18,"23750121, 26365338, 26799452, 29518107, 29750258, 30514216, 30820268, 31589614, 33016646, 33457423, 33667394, 34495297, 35005651, 35047832, 37870835, 39669627, 40034140, 40088892"
HFE,HFE,ref,1,39400561
HFE,HFE,table,1,38540416
HNF1A,HNF1A,abstract,1,31219249
HNF1A,HNF1A,paragraph,14,"21062467, 25569436, 27142837, 28116330, 30476138, 30487145, 32821921, 32910913, 35246208, 36257325, 37396188, 37492105, 38790019, 41435840"
HNF1A,HNF1A,table,2,"29909963, 30476138"
HNF1A,HNF1A,table_footnote,1,35592779
KCNH2,KCNH2,abstract,1,31347270
KCNH2,KCNH2,fig_caption,1,35600076
KCNH2,KCNH2,paragraph,16,"25606385, 27110552, 27485560, 29180482, 32386560, 32441199, 32714589, 34357002, 34582124, 36204818, 36269083, 36792990, 39595119, 39669639, 40088892, 41299264"
KCNH2,KCNH2,table,9,"21357607, 23396983, 32423033, 34582124, 34722422, 35373735, 35875838, 36012532, 38030236"
KCNQ1,KCNQ1,paragraph,22,"20353914, 21347123, 23071618, 23845108, 25663387, 27485560, 28944242, 29097701, 29703730, 30245029, 30635621, 34398675, 34440456, 34495297, 34604815, 35544069, 35804856, 36204818, 36269083, 38776926, 39100276, 41299264"
KCNQ1,KCNQ1,table,11,"20809527, 30165855, 32096762, 33080834, 33095155, 34722422, 35117387, 35875838, 36012532, 37187702, 37707495"
LDLR,LDLR,paragraph,12,"34297352, 35774363, 36196022, 36769678, 37511194, 37568561, 38172096, 38433605, 38514665, 39600113, 40264801, 40769381"
LDLR,LDLR,table,2,"33747976, 41603583"
LMNA,LMNA,abstract,2,"35801028, 36389384"
LMNA,LMNA,paragraph,54,"12854972, 16261260, 17352814, 19220582, 19562370, 22830024, 23029315, 23090008, 23804595, 26098624, 27504462, 28547000, 28663758, 29047356, 29703891, 30177912, 30319454, 30402260, 30564623, 30827497, 30891408, 31453089, 32055997, 32066935, 32154989, 32529721, 32571898, 33743207, 33923914, 34440456, 34495297, 34768595, 34827576, 35097194, 35544069, 35621010, 35801028, 36362411, 36389384, 36568030, 36752614, 36897110, 37652022, 37808683, 38473809, 38539233, 38892025, 39125589, 39669119, 40286359, 40409267, 40628270, 40641299, 41443197"
LMNA,LMNA,ref,1,39979866
LMNA,LMNA,table,7,"23396983, 25428262, 27841901, 31413301, 35941691, 37373632, 38610600"
LMNA,LMNA,title_3,1,40080703
MAX,MAX,paragraph,2,"38038882, 38141607"
MEN1,MEN1,fig_caption,1,35388217
MEN1,MEN1,paragraph,11,"22584699, 26191410, 26307114, 27366707, 30428914, 32715272, 35668420, 36598212, 36842074, 37895483, 38038882"
MEN1,MEN1,ref,1,34711244
MEN1,MEN1,table,6,"26424171, 28186096, 35402764, 35406801, 39447548, 41723447"
MLH1,MLH1,paragraph,62,"16995940, 17378937, 19389263, 19995443, 20233466, 20487569, 21120944, 22136435, 22976800, 23637804, 23760103, 24090359, 24307375, 24344984, 24689082, 25077178, 25871441, 26436109, 26465663, 26727311, 27606285, 28230923, 28944238, 29664240, 29909963, 30075112, 30441849, 30724488, 30827058, 30916491, 31297992, 31347304, 31642931, 31867841, 31889830, 31942411, 32243098, 32821921, 33058565, 33118316, 33401422, 34178123, 34250511, 35608067, 36454741, 36551963, 36624813, 36875157, 37378315, 37919876, 38734904, 38749429, 38776926, 38843250, 39357517, 39420201, 39436407, 39748562, 39804645, 39902189, 40073867, 41443196"
MLH1,MLH1,ref,1,34711244
MLH1,MLH1,table,10,"22788692, 24612714, 28704968, 29909963, 30558318, 31285644, 33374749, 33574476, 35406801, 40447568"
MLH1,MLH1,table_foot,3,"24344984, 33649982, 38355628"
MSH2,MSH2,paragraph,29,"33357406, 33401422, 33630025, 34178123, 34250511, 34251444, 35368899, 35451539, 35608067, 36011265, 36368329, 36454741, 36551963, 36624813, 36875157, 37378315, 38488796, 38749429, 38776926, 38843250, 39420201, 39436407, 39548353, 39748562, 39804645, 39902189, 39981113, 40073867, 41443196"
MSH2,MSH2,table,2,"33574476, 35406801"
MSH2,MSH2,table_foot,2,"33649982, 38355628"
MSH6,MSH6,abstract,1,30152102
MSH6,MSH6,fig_caption,1,31642931
MSH6,MSH6,paragraph,59,"17378937, 19389263, 19466295, 20487569, 21120944, 23637804, 24090359, 24259277, 24307375, 24344984, 24689082, 25077178, 25762362, 25871441, 26436109, 27468419, 27606285, 28944238, 29290338, 29664240, 30318729, 30441849, 30724488, 30946512, 31104363, 31297992, 31347304, 31642931, 31889830, 31942411, 32869517, 32959997, 33118316, 33119106, 33401422, 34178123, 35451539, 35460607, 35608067, 35885614, 36011265, 36454741, 36551963, 36624813, 36875157, 37378315, 37919876, 38734904, 38749429, 38843250, 39126233, 39357517, 39420201, 39436407, 39548353, 39748562, 39804645, 40073867, 41443196"
MSH6,MSH6,table,7,"22788692, 24612714, 30318729, 31285644, 33574476, 35406801, 38254688"
MSH6,MSH6,table_foot,2,"33649982, 38355628"
MUTYH,MUTYH,abstract,1,24834277
MUTYH,MUTYH,paragraph,36,"12614485, 20848659, 23202958, 23936466, 24799981, 25604157, 25820570, 26528356, 28944238, 29664240, 29909963, 30487145, 30724488, 30827058, 31589614, 31642931, 31908716, 32821650, 32959997, 33118316, 33343895, 34704405, 34716202, 35512711, 35608067, 36551963, 37096204, 37462969, 39357517, 39669627, 39804645, 39902189, 39907309, 40088892, 40269770, 41327405"
MUTYH,MUTYH,table,6,"22788692, 29909963, 33574476, 39447548, 39669589, 40269770"
MUTYH,MUTYH,table_foot,1,33649982
MYBPC3,MYBPC3,paragraph,13,"23940833, 31397097, 31589614, 34611884, 34708937, 35463789, 37652022, 38473809, 39480004, 39884281, 40115818, 40286359, 40565972"
MYBPC3,MYBPC3,table,12,"23396983, 24938736, 26937396, 27841901, 28797094, 30619483, 32423033, 34774109, 35875838, 37373632, 39669589, 40079339"
MYH11,MYH11,paragraph,9,"34498425, 35087827, 35207515, 35806909, 37523181, 38053544, 38185688, 38234087, 40534548"
MYH11,MYH11,table,4,"36187094, 36869404, 38334628, 38540416"
MYH7,MYH7,abstract,1,40709199
MYH7,MYH7,fig_caption,1,32315303
MYH7,MYH7,paragraph,39,"18159245, 20554658, 23800289, 23940833, 25829468, 26815362, 28547000, 30665703, 31397097, 31489928, 32013205, 32092825, 32309617, 32492895, 32627857, 32960281, 33240318, 34495297, 35200700, 35463789, 35544069, 36204818, 36292635, 36578772, 37498360, 37635785, 37652022, 37663545, 38006208, 38057384, 38473809, 38539233, 39480004, 39595119, 40565972, 40628270, 40709199, 41295372, 41440879"
MYH7,MYH7,table,14,"23396983, 24938736, 25938587, 27841901, 28797094, 32392228, 32423033, 33881176, 34722422, 34774109, 35767336, 35877578, 39669589, 40079339"
MYL2,MYL2,paragraph,6,"32492895, 37652022, 39480004, 39669627, 40286359, 40565972"
MYL2,MYL2,ref,1,32453731
MYL2,MYL2,table,4,"23396983, 27841901, 28797094, 34722422"
MYL3,MYL3,paragraph,6,"32492895, 36053243, 36204818, 37652022, 40286359, 40565972"
MYL3,MYL3,table,5,"23396983, 27841901, 28797094, 35767336, 38957810"
NF2,NF2,fig_caption,1,38482423
NF2,NF2,paragraph,13,"26066488, 27958595, 32144278, 33445724, 35191116, 35391499, 36077416, 37217995, 37908896, 38776926, 38983105, 40188079, 40562378"
NF2,NF2,table,4,"24612714, 29909963, 31781123, 33574476"
OTC,OTC,fig_caption,2,"25420641, 33484963"
OTC,OTC,paragraph,18,"23926375, 25032985, 31589614, 32410394, 33272297, 33530582, 34708937, 35211578, 35605046, 36620386, 36620388, 36620389, 37520683, 37593415, 39000307, 39403401, 40206416, 40809628"
OTC,OTC,table,3,"23492669, 36776327, 41402828"
PALB2,PALB2,abstract,2,"34382369, 38476606"
PALB2,PALB2,paragraph,59,"20122277, 23448497, 24206657, 26111702, 26436109, 26740942, 28279176, 28944238, 29909963, 30075112, 30410870, 30441849, 30584990, 30665703, 30947698, 31125106, 31191615, 31580391, 31642931, 31782247, 32609350, 32853479, 32959997, 33119106, 33333735, 33401422, 33403820, 33630087, 34317694, 34635660, 34846068, 35047862, 35054852, 35146455, 35456488, 35493704, 35608067, 36139699, 36206742, 36827971, 37188824, 37646013, 38334999, 38353949, 38476606, 38482676, 38854136, 39317201, 39669609, 39669627, 39804645, 39854808, 39902189, 39907309, 40073867, 40628270, 40967221, 41230741, 41554690"
PALB2,PALB2,table,5,"24612714, 29909963, 32903519, 33574476, 35406801"
PALB2,PALB2,table_foot,2,"33649982, 38355628"
PCSK9,PCSK9,fig_caption,1,38015445
PCSK9,PCSK9,paragraph,49,"17971861, 18704161, 21232153, 21235735, 21513517, 23329883, 24396277, 25053660, 26374825, 26493351, 26608663, 26744084, 27152866, 27830735, 27853278, 29036232, 29188294, 30209390, 30294546, 30592178, 31427613, 31509211, 32049305, 32846800, 33157955, 33391333, 33519890, 34297352, 35083881, 35294538, 35323704, 35692035, 35774363, 35904732, 35912641, 36226792, 36595504, 36769678, 37108800, 37568561, 38514665, 39580580, 39600113, 39628814, 40088892, 40286359, 40780050, 41169049, 41376171"
PCSK9,PCSK9,table,6,"30568916, 32983230, 35571066, 36832881, 39449064, 39669589"
PKP2,PKP2,fig_caption,1,35388217
PKP2,PKP2,paragraph,8,"30985088, 33743207, 33784018, 36269083, 37523181, 39669619, 40136534, 40359643"
PKP2,PKP2,ref,1,29961461
PKP2,PKP2,table,4,"23396983, 25938587, 36805767, 38610600"
PMS2,PMS2,paragraph,57,"19389263, 19466295, 20487569, 21120944, 23637804, 24259277, 24689082, 25077178, 25762362, 25871441, 26436109, 27606285, 28106320, 28717660, 28944238, 29664240, 29909963, 30441849, 30724488, 30946512, 31104363, 31297992, 31347304, 31642931, 31889830, 31942411, 32959997, 33118316, 33401422, 34178123, 34250511, 35451539, 35608067, 36011265, 36454741, 36551963, 36612224, 36624813, 36644715, 36875157, 37378315, 37919876, 38734904, 38749429, 38776926, 38843250, 39126233, 39357517, 39420201, 39436407, 39548353, 39669620, 39748562, 39804645, 40073867, 40911248, 41443196"
PMS2,PMS2,table,6,"22788692, 26331722, 29909963, 31285644, 33574476, 35406801"
PMS2,PMS2,table_foot,2,"33649982, 38355628"
PRKAG2,PRKAG2,abstract,2,"31347270, 36556501"
PRKAG2,PRKAG2,paragraph,9,"25606385, 30559760, 32529721, 34582124, 36204818, 36221081, 37239976, 40409267, 40642269"
PRKAG2,PRKAG2,table,4,"24938736, 26150313, 27841901, 28797094"
PTEN,PTEN,paragraph,18,"32055008, 33917282, 34078911, 34088332, 34268892, 35241692, 35321655, 35608067, 36293054, 36551963, 37216009, 37534462, 38585419, 39669237, 39692895, 39804645, 41480035, 41646357"
PTEN,PTEN,table,3,"34430807, 37035742, 39447548"
RB1,RB1,abstract,1,39108315
RB1,RB1,paragraph,41,"23170979, 23593011, 24791139, 25839328, 25999678, 26347357, 26539030, 27582626, 28193182, 28210099, 28265786, 28706438, 29568217, 29909963, 30729744, 30996590, 31162827, 31207142, 31867841, 31997559, 32218800, 32821921, 32974172, 33053768, 33090227, 33112397, 33456302, 33846376, 33917282, 34491624, 35073341, 35512711, 35960463, 36274817, 36453028, 37548407, 37682130, 37808736, 38776926, 40259075, 40442321"
RB1,RB1,table,13,"20696054, 24206787, 29257106, 29909963, 30637191, 31160616, 32438606, 35406801, 36062157, 38635644, 38859961, 38906881, 39349844"
RBM20,RBM20,paragraph,6,"22830024, 30487145, 33671899, 37652022, 38473809, 39669627"
RBM20,RBM20,table,2,"23396983, 26015769"
RET,RET,abstract,1,35621010
RET,RET,paragraph,16,"33827484, 33859509, 33917282, 34121091, 34360895, 34981673, 35621010, 35668420, 36598212, 37252050, 37435466, 37484916, 38038882, 38100106, 39671698, 41000626"
RET,RET,ref,1,35984852
RPE65,RPE65,abstract,2,"25383945, 32014860"
RPE65,RPE65,fig_caption,1,18541026
RPE65,RPE65,paragraph,42,"18541026, 20683928, 23865674, 24705292, 24715752, 25383945, 25489226, 25814828, 27212874, 27307693, 27307694, 27440997, 27733811, 28356702, 28966547, 29062221, 29681726, 30090012, 30416333, 30820146, 31273949, 31700227, 31844802, 32014860, 32165824, 33712480, 33851411, 33928237, 34158306, 34830511, 35098484, 35226187, 35229008, 36225124, 36429068, 37240262, 37267051, 37547722, 38610844, 39669627, 39835736, 40088892"
RPE65,RPE65,table,3,"20428338, 24265543, 32642521"
RYR1,RYR1,abstract,2,"28547000, 34528764"
RYR1,RYR1,fig_caption,1,31450509
RYR1,RYR1,paragraph,39,"19956802, 20443062, 20482855, 23476141, 23800289, 23826317, 23894383, 25929793, 26247046, 26578207, 26932181, 27858745, 28361098, 28547000, 28771594, 29930394, 30827497, 30968598, 31165076, 31384166, 32681036, 33458582, 33767344, 34257294, 34528764, 34733861, 34970863, 35627144, 35693006, 35763354, 36007526, 36360333, 38318125, 38975553, 39999070, 40193652, 40662098, 41000626, 41175864"
RYR1,RYR1,table,6,"24213376, 29096039, 29459480, 30679815, 33881176, 39669589"
RYR2,RYR2,paragraph,18,"23829686, 24978818, 25356899, 25937445, 29037160, 31482657, 32536973, 33224097, 34393635, 34495297, 34760628, 34930847, 35207515, 36269083, 36864708, 36865150, 37109540, 39595119"
RYR2,RYR2,table,7,"23396983, 28426742, 34722422, 35877578, 36012532, 36090591, 37109540"
SCN5A,SCN5A,abstract,1,38464806
SCN5A,SCN5A,fig_caption,1,35388217
SCN5A,SCN5A,fig_title_caption,1,35388217
SCN5A,SCN5A,paragraph,39,"21347123, 22830024, 23105938, 23940833, 26467377, 26636822, 26798387, 27110552, 27485560, 28361098, 28491758, 28584071, 29101013, 31397097, 31482657, 32013205, 32386560, 32529721, 32814065, 34440456, 34490048, 34495297, 34957250, 35388217, 36140801, 36204818, 36269083, 36881552, 37547970, 37652022, 38776926, 38790267, 39354714, 39595119, 40136534, 40409267, 41000626, 41285725, 41299264"
SCN5A,SCN5A,ref,1,39068398
SCN5A,SCN5A,table,5,"23396983, 29101013, 32423033, 34722422, 37774423"
SCN5A,SCN5A,table_caption,2,"34552620, 37600057"
SDHAF2,SDHAF2,paragraph,4,"32688340, 32741965, 35668420, 37435466"
SDHAF2,SDHAF2,title_2,1,30030362
SDHB,SDHB,paragraph,18,"24000165, 27989324, 28011713, 28284009, 29909963, 30487145, 31034483, 31564436, 32688340, 32741965, 33151299, 34452955, 35388076, 35668420, 36685941, 37435466, 38455135, 42070091"
SDHB,SDHB,table,4,"22788692, 29909963, 33574476, 40107724"
SDHC,SDHC,paragraph,7,"28011713, 31564436, 32688340, 32741965, 35668420, 37435466, 41000626"
SDHC,SDHC,table,4,"22788692, 29909963, 33574476, 36062157"
SDHD,SDHD,paragraph,9,"27989324, 28011713, 31564436, 32688340, 32730690, 32741965, 35512711, 35668420, 37435466"
SDHD,SDHD,table,5,"29909963, 33006316, 33374749, 33574476, 34821131"
SMAD3,SMAD3,fig_caption,1,33724679
SMAD3,SMAD3,paragraph,14,"33968138, 34281165, 34680857, 34906513, 35002714, 35110524, 35874167, 36004822, 36495030, 36569843, 38195664, 38234087, 38538566, 40118890"
SMAD3,SMAD3,table,3,"33968138, 34463252, 38093316"
SMAD4,SMAD4,fig_caption,1,38457357
SMAD4,SMAD4,paragraph,17,"33834622, 35200700, 35792874, 36292575, 36373990, 36551963, 36810341, 36817313, 37731711, 38294582, 38540362, 39777438, 40100215, 40562378, 40564170, 41162588, 41915391"
SMAD4,SMAD4,table,7,"33574476, 34722540, 35456471, 36684555, 37894843, 38862462, 40018685"
SMAD4,SMAD4,table_foot,1,33649982
SMAD4,SMAD4,table_footnote,1,40073867
STK11,STK11,paragraph,28,"18495044, 22168747, 23448497, 23718779, 28265786, 28944238, 29141581, 29245219, 29685139, 29720104, 30441849, 30947698, 31125106, 31908716, 32573973, 32821921, 32886433, 32959997, 33118316, 33401422, 33513864, 35189935, 36551963, 36553480, 38734904, 39694700, 39804645, 40830517"
STK11,STK11,table,6,"22788692, 33574476, 34142658, 37081871, 37367950, 40289841"
STK11,STK11,table_foot,2,"33649982, 38355628"
TGFBR1,TGFBR1,paragraph,19,"21698135, 25205403, 28944238, 29802153, 31475485, 31569402, 32597575, 32848728, 33719213, 34010604, 34281165, 34498425, 34680857, 34906513, 35128805, 36569843, 36672844, 37719708, 38234087"
TGFBR1,TGFBR1,ref,1,35853811
TGFBR1,TGFBR1,table,8,"24612714, 29909963, 30108113, 30135512, 31462706, 33195419, 36569843, 39821172"
TGFBR2,TGFBR2,paragraph,31,"21698135, 22912877, 24940037, 25053872, 25205403, 26040324, 27175573, 27246988, 27378305, 28679693, 28944238, 29802153, 30461200, 31534460, 31569402, 32431097, 32597575, 32848728, 33719213, 34010604, 34281165, 34680857, 34906513, 35128805, 36569843, 36672844, 36790797, 38234087, 38491064, 40442321, 40489498"
TGFBR2,TGFBR2,table,12,"16757574, 18612427, 21360310, 24612714, 27175573, 28426742, 31059025, 31285644, 31867128, 33195419, 34722540, 38151761"
TMEM127,TMEM127,paragraph,2,"29909963, 37435466"
TMEM127,TMEM127,table,1,29909963
TMEM43,TMEM43,paragraph,2,"30985088, 38473809"
TMEM43,TMEM43,table,2,"24213376, 38610600"
TNNC1,TNNC1,paragraph,6,"26815362, 32013205, 36148247, 37652022, 39669627, 40286359"
TNNC1,TNNC1,table,4,"23396983, 25938587, 28797094, 35877578"
TNNI3,TNNI3,paragraph,9,"22830024, 27148590, 31455664, 32492895, 37498360, 37652022, 39669627, 40286359, 40565972"
TNNI3,TNNI3,table,5,"23396983, 27662471, 27841901, 28797094, 35877578"
TNNT2,TNNT2,paragraph,16,"26656454, 27148590, 32492895, 34766372, 36204818, 37498360, 37626566, 37652022, 38054088, 38473809, 38539233, 39480004, 39669619, 40197822, 40286359, 40565972"
TNNT2,TNNT2,table,9,"23396983, 24938736, 26207811, 27841901, 28293076, 28797094, 31781123, 32423033, 34722422"
TP53,TP53,abstract,1,41498535
TP53,TP53,fig_caption,1,39695169
TP53,TP53,paragraph,51,"32127641, 33401422, 33403820, 33883929, 34178628, 34421886, 34445220, 34711005, 34722257, 35047861, 35087827, 35246108, 35351459, 35512711, 35534462, 35608067, 35721196, 36060780, 36206742, 36525269, 36827971, 36881176, 37188824, 37427114, 37566048, 37650627, 38032680, 38132447, 38482213, 38734904, 39021553, 39022728, 39325855, 39404067, 39484053, 39484203, 39560203, 39687198, 39695169, 39743539, 39777438, 39804645, 39830995, 39854808, 40233741, 40333905, 40359938, 40474765, 40696762, 41398603, 41460200"
TP53,TP53,ref,1,36374405
TP53,TP53,table,15,"33803939, 34560882, 34722540, 35406801, 35677537, 36034941, 36556480, 36755123, 37370767, 37887281, 38906881, 39053449, 40317362, 41282893, 41379537"
TP53,TP53,table_foot,1,33649982
TPM1,TPM1,paragraph,9,"32013205, 32253828, 33719213, 35029218, 37498360, 37635785, 37652022, 38006208, 40565972"
TPM1,TPM1,table,4,"23396983, 27841901, 28797094, 32423033"
TRDN,TRDN,paragraph,8,"22422768, 22909776, 25637059, 31482657, 33692971, 34575879, 36269083, 39669627"
TRDN,TRDN,table,4,"24265543, 33924951, 34722422, 40535419"
TSC1,TSC1,paragraph,20,"20223027, 22917928, 23369289, 26703369, 29619247, 31799751, 32211034, 32383331, 32695431, 33821877, 33833339, 34475268, 34480426, 36342087, 36414972, 37152430, 38103548, 38265426, 39669237, 40562378"
TSC1,TSC1,table,4,"22355757, 22788692, 29909963, 35406801"
TSC2,TSC2,fig_caption,1,35388217
TSC2,TSC2,paragraph,17,"26703369, 31799751, 32211034, 32383331, 32555378, 32695431, 33821877, 34442399, 34475268, 34480426, 35885997, 36342087, 37152430, 38103548, 38265426, 40562378, 40628270"
TSC2,TSC2,table,1,39447548
TTN,TTN,paragraph,23,"33746696, 33820833, 34295493, 34363434, 34495297, 34863162, 35207515, 35512711, 35544069, 35586607, 37109540, 37301943, 37576110, 38392311, 38509709, 39198997, 39595119, 39669619, 40088892, 40286359, 40628270, 40662098, 41000626"
TTN,TTN,table,13,"33567613, 33643374, 34697318, 35187167, 35531197, 35877578, 36012532, 36034941, 37109540, 38011198, 38610600, 39053449, 39732776"
TTN,TTN,table_caption,1,37904256
TTR,TTR,abstract,1,31019999
TTR,TTR,paragraph,26,"16733547, 22989709, 25471118, 26134413, 26437390, 27652282, 28168209, 28272196, 29455155, 31018485, 31019999, 34440326, 34491937, 34668655, 35736224, 36186469, 36262809, 38399526, 39230471, 39669619, 39669627, 39963604, 40804349, 40998828, 41000626, 41621836"
TTR,TTR,ref,1,40804349
TTR,TTR,table,4,"22989709, 31710719, 32951025, 39433822"
VHL,VHL,paragraph,19,"20560986, 23369289, 24000165, 28503092, 31034483, 31564905, 32117777, 32821921, 33912852, 34390653, 34566400, 35323939, 36177683, 37435466, 37904209, 38465576, 40562378, 40628270, 42070091"
VHL,VHL,ref,1,33840388
VHL,VHL,table,5,"22761941, 22788692, 24612714, 33574476, 35406801"
VHL,VHL,table_foot,1,33649982
WT1,WT1,abstract,1,31013750
WT1,WT1,paragraph,32,"19417065, 19562370, 26420286, 27108798, 29618921, 30013592, 30690934, 30828567, 31013750, 31144478, 31337883, 32127641, 32214788, 32446308, 34009138, 34106634, 34566401, 34845858, 35894442, 36011342, 36105080, 36245711, 36743925, 37065748, 37296101, 37427114, 37728640, 37990078, 38069245, 40205738, 40481679, 41000626"
WT1,WT1,table,6,"17916572, 18631392, 30568172, 31795964, 33574476, 36316707"
